{
  "events": {
    "La Roux-2026-06-25T19:00:00-Ameris Bank Amphitheatre": {
      "firstSeen": "2026-02-27T21:05:21.528Z"
    },
    "La Roux-2026-06-30T19:00:00-The Pavilion at Toyota Music Factory": {
      "firstSeen": "2026-02-27T21:05:21.528Z"
    },
    "brave-La Roux-https://www.cilfm.com/2026/02/24/hilary-duff-with-special-guests-la-roux-jade-lemac": {
      "firstSeen": "2026-02-27T21:05:22.591Z"
    },
    "brave-La Roux-https://www.grimygoods.com/2026/02/26/heres-how-to-get-joji-2026-tour-tickets-at-the-best-price/": {
      "firstSeen": "2026-02-27T21:05:22.591Z"
    },
    "brave-La Roux-https://www.glamourmagazine.co.uk/article/hilary-duff-lucky-me-tour-2026-dates-buy-tickets": {
      "firstSeen": "2026-02-27T21:05:22.591Z"
    },
    "Jade LeMac-2026-06-23T19:00:00-MidFlorida Credit Union Amphitheatre": {
      "firstSeen": "2026-02-27T21:05:23.198Z"
    },
    "Jade LeMac-2026-06-25T19:00:00-Ameris Bank Amphitheatre": {
      "firstSeen": "2026-02-27T21:05:23.198Z"
    },
    "Jade LeMac-2026-06-30T19:00:00-The Pavilion at Toyota Music Factory": {
      "firstSeen": "2026-02-27T21:05:23.198Z"
    },
    "Dominic Fike-2026-06-07T11:45:00-Flushing Meadows Corona Park": {
      "firstSeen": "2026-02-27T21:05:23.767Z"
    },
    "Dominic Fike-2026-09-05T19:00:00-Rogers Arena": {
      "firstSeen": "2026-02-27T21:05:23.767Z"
    },
    "Dominic Fike-2026-09-06T19:00:00-Rogers Arena": {
      "firstSeen": "2026-02-27T21:05:23.767Z"
    },
    "Dominic Fike-2026-09-11T19:00:00-Ball Arena": {
      "firstSeen": "2026-02-27T21:05:23.767Z"
    },
    "Allison Russell-2026-02-28T20:00:00-Beacon Theatre": {
      "firstSeen": "2026-02-27T21:05:24.312Z"
    },
    "Allison Russell-2026-07-01T19:30:00-FirstBank Amphitheater": {
      "firstSeen": "2026-02-27T21:05:24.312Z"
    },
    "Allison Russell-2026-07-03T19:30:00-Synovus Bank Amphitheatre at Chastain Park": {
      "firstSeen": "2026-02-27T21:05:24.312Z"
    },
    "Allison Russell-2026-07-05T19:00:00-Filene Center at The Wolf Trap": {
      "firstSeen": "2026-02-27T21:05:24.312Z"
    },
    "Allison Russell-2026-07-07T19:30:00-TD Pavilion at The Mann Center": {
      "firstSeen": "2026-02-27T21:05:24.312Z"
    },
    "Allison Russell-2026-07-08T19:30:00-Hartford HealthCare Amphitheater": {
      "firstSeen": "2026-02-27T21:05:24.312Z"
    },
    "Allison Russell-2026-07-10T19:30:00-Leader Bank Pavilion": {
      "firstSeen": "2026-02-27T21:05:24.312Z"
    },
    "Allison Russell-2026-07-11T19:00:00-Forest Hills Stadium": {
      "firstSeen": "2026-02-27T21:05:24.312Z"
    },
    "Allison Russell-2026-07-12T19:30:00-BankNH Pavilion": {
      "firstSeen": "2026-02-27T21:05:24.312Z"
    },
    "Allison Russell-2026-07-14T19:30:00-Artpark Mainstage Theater": {
      "firstSeen": "2026-02-27T21:05:24.312Z"
    },
    "Hemlocke Springs-2026-05-17T19:00:00-The Observatory": {
      "firstSeen": "2026-02-27T21:05:24.885Z"
    },
    "Hemlocke Springs-2026-05-19T20:00:00-El Rey Theatre - Los Angeles": {
      "firstSeen": "2026-02-27T21:05:24.885Z"
    },
    "Hemlocke Springs-2026-05-20T20:00:00-The Fillmore - San Francisco": {
      "firstSeen": "2026-02-27T21:05:24.885Z"
    },
    "Hemlocke Springs-2026-05-26T20:00:00-Bluebird Theater - Denver": {
      "firstSeen": "2026-02-27T21:05:24.885Z"
    },
    "Hemlocke Springs-2026-05-29T19:00:00-Varsity Theater - Minneapolis": {
      "firstSeen": "2026-02-27T21:05:24.885Z"
    },
    "Hemlocke Springs-2026-05-31T19:00:00-Saint Andrews Hall": {
      "firstSeen": "2026-02-27T21:05:24.885Z"
    },
    "Hemlocke Springs-2026-06-02T19:00:00-The Mod Club": {
      "firstSeen": "2026-02-27T21:05:24.885Z"
    },
    "Hemlocke Springs-2026-06-04T19:00:00-Paradise Rock Club": {
      "firstSeen": "2026-02-27T21:05:24.885Z"
    },
    "Hemlocke Springs-2026-06-05T20:00:00-Union Transfer - Philadelphia": {
      "firstSeen": "2026-02-27T21:05:24.885Z"
    },
    "Hemlocke Springs-2026-06-09T19:00:00-9:30 Club": {
      "firstSeen": "2026-02-27T21:05:24.885Z"
    },
    "Crankdat-2026-02-27T20:00:00-The Salt Shed - Indoors": {
      "firstSeen": "2026-02-27T21:05:25.449Z"
    },
    "Crankdat-2026-02-28T19:30:00-The Sylvee": {
      "firstSeen": "2026-02-27T21:05:25.449Z"
    },
    "Crankdat-2026-03-27T19:00:00-Red Rocks Amphitheatre": {
      "firstSeen": "2026-02-27T21:05:25.449Z"
    },
    "Crankdat-2026-04-11T15:00:00-Stratton Mountain Resort": {
      "firstSeen": "2026-02-27T21:05:25.449Z"
    },
    "Crankdat-2026-08-27T21:00:00-Shrine Expo Hall": {
      "firstSeen": "2026-02-27T21:05:25.449Z"
    },
    "Crankdat-2026-08-28T21:00:00-Shrine Expo Hall": {
      "firstSeen": "2026-02-27T21:05:25.449Z"
    },
    "Crankdat-2026-08-29T21:00:00-Shrine Expo Hall": {
      "firstSeen": "2026-02-27T21:05:25.449Z"
    },
    "Crankdat-2026-08-30T20:00:00-Shrine Expo Hall": {
      "firstSeen": "2026-02-27T21:05:25.449Z"
    },
    "Its Murph-2026-03-21T15:00:00-Bicentennial Capitol Mall State Park": {
      "firstSeen": "2026-02-27T21:05:26.008Z"
    },
    "Its Murph-2026-04-04T20:00:00-Red Rocks Amphitheatre": {
      "firstSeen": "2026-02-27T21:05:26.008Z"
    },
    "Its Murph-2026-04-17T19:00:00-The Ritz - Raleigh": {
      "firstSeen": "2026-02-27T21:05:26.008Z"
    },
    "Its Murph-2026-04-18T16:00:00-Berhta": {
      "firstSeen": "2026-02-27T21:05:26.008Z"
    },
    "Its Murph-2026-05-08T18:00:00-Malkin Bowl": {
      "firstSeen": "2026-02-27T21:05:26.008Z"
    },
    "Its Murph-2026-05-09T21:00:00-BOXPAC Project": {
      "firstSeen": "2026-02-27T21:05:26.008Z"
    },
    "Its Murph-2026-05-29T20:00:00-The Fillmore - Charlotte": {
      "firstSeen": "2026-02-27T21:05:26.008Z"
    },
    "Its Murph-2026-05-30T19:00:00-Jannus Live": {
      "firstSeen": "2026-02-27T21:05:26.008Z"
    },
    "Its Murph-2026-07-03T22:30:00-XS Nightclub at Encore": {
      "firstSeen": "2026-02-27T21:05:26.008Z"
    },
    "Liquid Stranger-2026-02-27T19:00:00-Rawhide Event Center": {
      "firstSeen": "2026-02-27T21:05:26.558Z"
    },
    "Liquid Stranger-2026-02-28T18:00:00-Uptown Theater - KC": {
      "firstSeen": "2026-02-27T21:05:26.558Z"
    },
    "Liquid Stranger-2026-04-11T18:00:00-Red Rocks Amphitheatre": {
      "firstSeen": "2026-02-27T21:05:26.558Z"
    },
    "Subtronics-2026-02-27T03:30:00-Brooklyn Storehouse at Brooklyn Navy Yard": {
      "firstSeen": "2026-02-27T21:05:27.119Z"
    },
    "Subtronics-2026-02-27T22:00:00-Brooklyn Storehouse at Brooklyn Navy Yard": {
      "firstSeen": "2026-02-27T21:05:27.119Z"
    },
    "Subtronics-2026-02-28T22:00:00-Brooklyn Storehouse at Brooklyn Navy Yard": {
      "firstSeen": "2026-02-27T21:05:27.119Z"
    },
    "Subtronics-2026-03-06T03:30:00-The Met Philadelphia": {
      "firstSeen": "2026-02-27T21:05:27.119Z"
    },
    "Subtronics-2026-03-06T19:30:00-The Met Philadelphia": {
      "firstSeen": "2026-02-27T21:05:27.119Z"
    },
    "Subtronics-2026-03-07T19:30:00-The Met Philadelphia": {
      "firstSeen": "2026-02-27T21:05:27.119Z"
    },
    "Subtronics-2026-03-12T19:00:00-The Factory STL": {
      "firstSeen": "2026-02-27T21:05:27.119Z"
    },
    "Subtronics-2026-03-13T20:00:00-Cable Dahmer Arena": {
      "firstSeen": "2026-02-27T21:05:27.119Z"
    },
    "Subtronics-2026-03-20T19:30:00-MGM Music Hall at Fenway": {
      "firstSeen": "2026-02-27T21:05:27.119Z"
    },
    "brave-Subtronics-https://www.cp24.com/news/entertainment/2026/02/24/twenty-one-pilots-tate-mcrae-lorde-headline-osheaga-2026-in-montreal/": {
      "firstSeen": "2026-02-27T21:05:28.226Z"
    },
    "brave-Subtronics-https://www.ticketnews.com/2026/02/osheaga-2026-lorde-twenty-one-pilots/": {
      "firstSeen": "2026-02-27T21:05:28.226Z"
    },
    "The Elovaters-2026-02-27T19:00:00-The Sound - Del Mar": {
      "firstSeen": "2026-02-27T21:05:28.786Z"
    },
    "The Elovaters-2026-02-28T19:00:00-The Sound - Del Mar": {
      "firstSeen": "2026-02-27T21:05:28.786Z"
    },
    "The Elovaters-2026-03-01T20:00:00-Marquee Theatre - Tempe, AZ": {
      "firstSeen": "2026-02-27T21:05:28.786Z"
    },
    "The Elovaters-2026-03-03T20:00:00-Sunshine Theater": {
      "firstSeen": "2026-02-27T21:05:28.786Z"
    },
    "The Elovaters-2026-03-05T18:00:00-Emo's Austin": {
      "firstSeen": "2026-02-27T21:05:28.786Z"
    },
    "The Elovaters-2026-03-06T20:00:00-The Bomb Factory - Dallas": {
      "firstSeen": "2026-02-27T21:05:28.786Z"
    },
    "The Elovaters-2026-03-07T19:00:00-White Oak Music Hall - Downstairs": {
      "firstSeen": "2026-02-27T21:05:28.786Z"
    },
    "The Elovaters-2026-07-11T18:00:00-Pacific Amphitheatre": {
      "firstSeen": "2026-02-27T21:05:28.786Z"
    },
    "The Elovaters-2026-07-19T12:00:00-Marshfield Fairgrounds": {
      "firstSeen": "2026-02-27T21:05:28.786Z"
    },
    "Fisher-2026-02-27T20:00:00-Doc's Tavern": {
      "firstSeen": "2026-02-27T21:05:29.864Z"
    },
    "Fisher-2026-03-13T19:30:00-First Financial Music Hall": {
      "firstSeen": "2026-02-27T21:05:29.864Z"
    },
    "Fisher-2026-03-14T17:00:00-Fishers Event Center": {
      "firstSeen": "2026-02-27T21:05:29.864Z"
    },
    "Fisher-2026-03-14T19:30:00-Jacobs Music Center": {
      "firstSeen": "2026-02-27T21:05:29.864Z"
    },
    "Fisher-2026-03-20T19:00:00-Navy Pier": {
      "firstSeen": "2026-02-27T21:05:29.864Z"
    },
    "Fisher-2026-03-20T19:30:00-Tacoma Comedy Club - 6th and Proctor": {
      "firstSeen": "2026-02-27T21:05:29.864Z"
    },
    "Fisher-2026-03-20T21:45:00-Tacoma Comedy Club - 6th and Proctor": {
      "firstSeen": "2026-02-27T21:05:29.864Z"
    },
    "Fisher-2026-03-21T19:30:00-Tacoma Comedy Club - 6th and Proctor": {
      "firstSeen": "2026-02-27T21:05:29.864Z"
    },
    "brave-Fisher-https://au.thinkable.events/jefferson-fisher-tour/": {
      "firstSeen": "2026-02-27T21:05:30.878Z"
    },
    "brave-Rezz-https://thedailyfrequency.com/2026/02/23/rezz-rocks-2026/": {
      "firstSeen": "2026-02-27T21:05:32.417Z"
    },
    "brave-Rezz-https://kdvr.com/news/local/edm-star-announces-return-for-8th-annual-red-rocks-takeover/": {
      "firstSeen": "2026-02-27T21:05:32.417Z"
    },
    "brave-Rezz-https://edmidentity.com/2026/02/23/rezz-rezz-rocks-viii-lineup/": {
      "firstSeen": "2026-02-27T21:05:32.417Z"
    },
    "brave-Rezz-https://edmrealm.com/blog/rezz-rocks-2026-returns-to-red-rocks-for-one-night-only-this-october": {
      "firstSeen": "2026-02-27T21:05:32.417Z"
    },
    "brave-Rezz-https://www.denverpost.com/2025/11/04/red-rocks-concerts-2026/": {
      "firstSeen": "2026-02-27T21:05:32.417Z"
    },
    "Stardew Valley Symphony-2026-02-27T20:00:00-Palace Theater - Waterbury": {
      "firstSeen": "2026-02-27T21:05:32.936Z"
    },
    "Stardew Valley Symphony-2026-02-28T20:00:00-Chartway Arena": {
      "firstSeen": "2026-02-27T21:05:32.936Z"
    },
    "Stardew Valley Symphony-2026-03-02T20:00:00-Salem Civic Center": {
      "firstSeen": "2026-02-27T21:05:32.936Z"
    },
    "Stardew Valley Symphony-2026-03-04T20:00:00-KeyBank State Theatre at Playhouse Square": {
      "firstSeen": "2026-02-27T21:05:32.936Z"
    },
    "Stardew Valley Symphony-2026-03-08T19:00:00-Benedum Center": {
      "firstSeen": "2026-02-27T21:05:32.936Z"
    },
    "Stardew Valley Symphony-2026-03-14T20:00:00-Tennessee Performing Arts Center - Andrew Jackson Hall": {
      "firstSeen": "2026-02-27T21:05:32.936Z"
    },
    "Stardew Valley Symphony-2026-03-21T19:00:00-Hawaii Theatre": {
      "firstSeen": "2026-02-27T21:05:32.936Z"
    },
    "Stardew Valley Symphony-2026-04-10T19:30:00-Providence Performing Arts Center": {
      "firstSeen": "2026-02-27T21:05:32.936Z"
    },
    "Stardew Valley Symphony-2026-04-24T19:30:00-Providence Performing Arts Center": {
      "firstSeen": "2026-02-27T21:05:32.936Z"
    },
    "Tucker Wetmore-2026-02-27T19:30:00-The Factory STL": {
      "firstSeen": "2026-02-27T21:05:33.538Z"
    },
    "Tucker Wetmore-2026-02-28T20:00:00-Choctaw Grand Theater": {
      "firstSeen": "2026-02-27T21:05:33.538Z"
    },
    "Tucker Wetmore-2026-03-01T19:00:00-Round Rock Amp": {
      "firstSeen": "2026-02-27T21:05:33.538Z"
    },
    "Tucker Wetmore-2026-05-22T19:00:00-Orion Amphitheater": {
      "firstSeen": "2026-02-27T21:05:33.538Z"
    },
    "Tucker Wetmore-2026-05-23T19:00:00-The Wharf Amphitheater": {
      "firstSeen": "2026-02-27T21:05:33.538Z"
    },
    "Tucker Wetmore-2026-06-11T19:00:00-Merriweather Post Pavilion": {
      "firstSeen": "2026-02-27T21:05:33.538Z"
    },
    "Nurse John-2026-05-08T19:00:00-Pacific Electric": {
      "firstSeen": "2026-02-27T21:05:34.072Z"
    },
    "Nurse John-2026-07-16T19:30:00-Oxnard Levity Live": {
      "firstSeen": "2026-02-27T21:05:34.072Z"
    },
    "Nurse John-2026-07-17T19:00:00-Oxnard Levity Live": {
      "firstSeen": "2026-02-27T21:05:34.072Z"
    },
    "Nurse John-2026-07-17T21:15:00-Oxnard Levity Live": {
      "firstSeen": "2026-02-27T21:05:34.072Z"
    },
    "Nurse John-2026-07-18T18:00:00-Oxnard Levity Live": {
      "firstSeen": "2026-02-27T21:05:34.072Z"
    },
    "Nurse John-2026-07-18T20:30:00-Oxnard Levity Live": {
      "firstSeen": "2026-02-27T21:05:34.072Z"
    },
    "Nurse John-2026-07-19T18:00:00-Oxnard Levity Live": {
      "firstSeen": "2026-02-27T21:05:34.072Z"
    },
    "Sara Landry-2026-04-11T21:00:00-SILO - Dallas": {
      "firstSeen": "2026-02-27T21:05:34.609Z"
    },
    "Sara Landry-2026-04-12T21:00:00-SILO - Dallas": {
      "firstSeen": "2026-02-27T21:05:34.609Z"
    },
    "Sara Landry-2026-07-31T19:00:00-Under the K Bridge": {
      "firstSeen": "2026-02-27T21:05:34.609Z"
    },
    "Sara Landry-2026-08-01T19:00:00-Under the K Bridge": {
      "firstSeen": "2026-02-27T21:05:34.609Z"
    },
    "Knock2-2026-07-06T18:00:00-Badland's Tent": {
      "firstSeen": "2026-02-27T21:05:36.167Z"
    },
    "brave-Knock2-https://www.timesnownews.com/world/us/us-buzz/hard-summer-2026-guide-full-lineup-dates-and-ticket-sale-details-for-hollywood-park-festival-article-153714048": {
      "firstSeen": "2026-02-27T21:05:37.231Z"
    },
    "brave-Knock2-https://artvoice.com/2026/02/27/hard-summer-2026-tickets-are-on-sale-today-heres-the-full-lineup/": {
      "firstSeen": "2026-02-27T21:05:37.231Z"
    },
    "brave-Knock2-https://www.filmogaz.com/171961": {
      "firstSeen": "2026-02-27T21:05:37.231Z"
    },
    "brave-Knock2-https://artthreat.net/4413-18944-hard-summer-drops-kali-uchis-zedd-for-2026-tickets-on-sale-today/": {
      "firstSeen": "2026-02-27T21:05:37.231Z"
    },
    "Tape B-2026-03-20T17:00:00-Gallagher Square at Petco Park": {
      "firstSeen": "2026-02-27T21:05:37.788Z"
    },
    "Tape B-2026-04-04T21:30:00-Sphere": {
      "firstSeen": "2026-02-27T21:05:37.788Z"
    },
    "Tape B-2026-04-25T23:00:00-Harrah's Resort Atlantic City": {
      "firstSeen": "2026-02-27T21:05:37.788Z"
    },
    "Tape B-2026-06-05T03:30:00-Chippewa Valley Music Festival Grounds": {
      "firstSeen": "2026-02-27T21:05:37.788Z"
    },
    "Tape B-2026-07-17T18:00:00-KettleHouse Amphitheater": {
      "firstSeen": "2026-02-27T21:05:37.788Z"
    },
    "Tape B-2026-07-18T18:00:00-Hayden Homes Amphitheater": {
      "firstSeen": "2026-02-27T21:05:37.788Z"
    },
    "Tape B-2026-07-23T19:00:00-Morton Amphitheater": {
      "firstSeen": "2026-02-27T21:05:37.788Z"
    },
    "Tape B-2026-07-24T19:00:00-Everwise Amphitheater at White River State Park": {
      "firstSeen": "2026-02-27T21:05:37.788Z"
    },
    "Tape B-2026-07-25T19:00:00-PNC Pavilion": {
      "firstSeen": "2026-02-27T21:05:37.788Z"
    },
    "Tape B-2026-07-30T19:00:00-Allianz Amphitheater at Riverfront": {
      "firstSeen": "2026-02-27T21:05:37.788Z"
    },
    "ALLEYCVT-2026-02-27T22:00:00-Blackbox Theater - Charlotte": {
      "firstSeen": "2026-02-27T21:05:38.311Z"
    },
    "ALLEYCVT-2026-02-28T20:00:00-The Plaza Live": {
      "firstSeen": "2026-02-27T21:05:38.311Z"
    },
    "ALLEYCVT-2026-03-06T20:00:00-The Regency Ballroom": {
      "firstSeen": "2026-02-27T21:05:38.311Z"
    },
    "ALLEYCVT-2026-03-07T21:00:00-The Concourse Project": {
      "firstSeen": "2026-02-27T21:05:38.311Z"
    },
    "ALLEYCVT-2026-03-13T20:00:00-The Bomb Factory - Dallas": {
      "firstSeen": "2026-02-27T21:05:38.311Z"
    },
    "ALLEYCVT-2026-03-14T21:00:00-The Novo": {
      "firstSeen": "2026-02-27T21:05:38.311Z"
    },
    "ALLEYCVT-2026-03-20T03:30:00-9:30 Club": {
      "firstSeen": "2026-02-27T21:05:38.311Z"
    },
    "ALLEYCVT-2026-03-20T22:00:00-9:30 Club": {
      "firstSeen": "2026-02-27T21:05:38.311Z"
    },
    "ALLEYCVT-2026-03-21T22:00:00-9:30 Club": {
      "firstSeen": "2026-02-27T21:05:38.311Z"
    },
    "ALLEYCVT-2026-05-08T20:00:00-Red Rocks Amphitheatre": {
      "firstSeen": "2026-02-27T21:05:38.311Z"
    },
    "Mersiv-2026-03-14T20:00:00-Laguna's Beach Bar + Grill": {
      "firstSeen": "2026-02-27T21:05:38.926Z"
    },
    "Mersiv-2026-03-20T19:00:00-State Theatre - Portland, ME": {
      "firstSeen": "2026-02-27T21:05:38.926Z"
    },
    "Mersiv-2026-03-21T20:00:00-Nevermore Hall": {
      "firstSeen": "2026-02-27T21:05:38.926Z"
    },
    "Mersiv-2026-05-01T22:00:00-Royale - Boston": {
      "firstSeen": "2026-02-27T21:05:38.926Z"
    },
    "Mersiv-2026-05-07T20:00:00-Knitting Factory Concert House - Boise": {
      "firstSeen": "2026-02-27T21:05:38.926Z"
    },
    "Mersiv-2026-10-23T17:00:00-Red Rocks Amphitheatre": {
      "firstSeen": "2026-02-27T21:05:38.926Z"
    },
    "LSDREAM-2026-05-16T09:30:00-Red Rocks Amphitheatre": {
      "firstSeen": "2026-02-27T21:05:39.482Z"
    },
    "LSDREAM-2026-05-16T18:00:00-Red Rocks Amphitheatre": {
      "firstSeen": "2026-02-27T21:05:39.482Z"
    },
    "LSDREAM-2026-05-23T03:30:00-Gorge Amphitheatre": {
      "firstSeen": "2026-02-27T21:05:39.482Z"
    },
    "Ravenscoon-2026-03-28T18:00:00-Red Rocks Amphitheatre": {
      "firstSeen": "2026-02-27T21:05:40.003Z"
    },
    "INZO-2026-02-27T22:00:00-Echostage": {
      "firstSeen": "2026-02-27T21:05:40.569Z"
    },
    "INZO-2026-02-28T21:00:00-Brooklyn Steel": {
      "firstSeen": "2026-02-27T21:05:40.570Z"
    },
    "INZO-2026-03-05T19:30:00-State Theatre - Portland, ME": {
      "firstSeen": "2026-02-27T21:05:40.570Z"
    },
    "INZO-2026-03-06T21:00:00-Big Night Live": {
      "firstSeen": "2026-02-27T21:05:40.570Z"
    },
    "INZO-2026-03-07T20:00:00-Town Ballroom - Buffalo": {
      "firstSeen": "2026-02-27T21:05:40.570Z"
    },
    "INZO-2026-03-08T20:00:00-Globe Iron": {
      "firstSeen": "2026-02-27T21:05:40.570Z"
    },
    "INZO-2026-03-11T19:00:00-Bogarts - Cincinnati": {
      "firstSeen": "2026-02-27T21:05:40.570Z"
    },
    "INZO-2026-03-12T20:00:00-KEMBA Live!": {
      "firstSeen": "2026-02-27T21:05:40.570Z"
    },
    "INZO-2026-03-13T22:00:00-Radius Chicago": {
      "firstSeen": "2026-02-27T21:05:40.570Z"
    },
    "INZO-2026-03-14T21:00:00-The Intersection": {
      "firstSeen": "2026-02-27T21:05:40.570Z"
    },
    "Cloonee-2026-03-26T23:00:00-Club Space Miami": {
      "firstSeen": "2026-02-27T21:05:41.098Z"
    },
    "Cloonee-2026-04-25T21:00:00-SILO - Dallas": {
      "firstSeen": "2026-02-27T21:05:41.098Z"
    },
    "Cloonee-2026-05-09T19:00:00-Red Rocks Amphitheatre": {
      "firstSeen": "2026-02-27T21:05:41.098Z"
    },
    "Cloonee-2026-08-15T16:00:00-Brooklyn Army Terminal": {
      "firstSeen": "2026-02-27T21:05:41.098Z"
    },
    "Sammy Virji-2026-05-07T20:00:00-The Pinnacle - Nashville": {
      "firstSeen": "2026-02-27T21:05:41.656Z"
    },
    "Sammy Virji-2026-05-08T20:00:00-Coca-Cola Roxy Theatre": {
      "firstSeen": "2026-02-27T21:05:41.656Z"
    },
    "Sammy Virji-2026-07-31T16:00:00-Brooklyn Army Terminal": {
      "firstSeen": "2026-02-27T21:05:41.656Z"
    },
    "Sammy Virji-2026-08-01T16:00:00-Brooklyn Army Terminal": {
      "firstSeen": "2026-02-27T21:05:41.656Z"
    },
    "Sammy Virji-2026-10-16T18:00:00-Red Rocks Amphitheatre": {
      "firstSeen": "2026-02-27T21:05:41.656Z"
    },
    "Seven Lions-2026-04-03T21:00:00-The Armory - Minneapolis": {
      "firstSeen": "2026-02-27T21:05:42.215Z"
    },
    "Seven Lions-2026-04-04T22:00:00-Radius Chicago": {
      "firstSeen": "2026-02-27T21:05:42.215Z"
    },
    "Seven Lions-2026-04-11T22:00:00-Brooklyn Navy Yard - Building 293": {
      "firstSeen": "2026-02-27T21:05:42.215Z"
    },
    "Seven Lions-2026-05-08T18:20:00-The Pavilion at Toyota Music Factory": {
      "firstSeen": "2026-02-27T21:05:42.215Z"
    },
    "Seven Lions-2026-05-09T20:20:00-713 Music Hall": {
      "firstSeen": "2026-02-27T21:05:42.215Z"
    },
    "Seven Lions-2026-05-22T18:00:00-Red Rocks Amphitheatre": {
      "firstSeen": "2026-02-27T21:05:42.215Z"
    },
    "Seven Lions-2026-05-29T19:30:00-Bill Graham Civic Auditorium": {
      "firstSeen": "2026-02-27T21:05:42.215Z"
    },
    "Seven Lions-2026-05-30T19:30:00-Bill Graham Civic Auditorium": {
      "firstSeen": "2026-02-27T21:05:42.215Z"
    },
    "brave-Seven Lions-https://archive.is/AiWxI": {
      "firstSeen": "2026-02-27T21:05:43.472Z"
    },
    "Hippie Sabotage-2026-03-19T20:00:00-Showbox SoDo": {
      "firstSeen": "2026-02-27T21:05:43.985Z"
    },
    "Hippie Sabotage-2026-03-20T20:00:00-Roseland Theater": {
      "firstSeen": "2026-02-27T21:05:43.985Z"
    },
    "Hippie Sabotage-2026-03-21T20:00:00-Revolution Concert House & Event Center": {
      "firstSeen": "2026-02-27T21:05:43.985Z"
    },
    "Hippie Sabotage-2026-03-22T19:30:00-South Shore Room at Harrah's Lake Tahoe": {
      "firstSeen": "2026-02-27T21:05:43.985Z"
    },
    "Hippie Sabotage-2026-03-25T20:00:00-Channel 24 - Sacramento": {
      "firstSeen": "2026-02-27T21:05:43.985Z"
    },
    "Hippie Sabotage-2026-03-26T21:00:00-1015 Folsom": {
      "firstSeen": "2026-02-27T21:05:43.985Z"
    },
    "Hippie Sabotage-2026-03-27T19:00:00-The Belasco - Los Angeles": {
      "firstSeen": "2026-02-27T21:05:43.985Z"
    },
    "Hippie Sabotage-2026-03-28T20:00:00-The Majestic Ventura Theater": {
      "firstSeen": "2026-02-27T21:05:43.985Z"
    },
    "Hippie Sabotage-2026-03-29T20:00:00-SOMA - San Diego": {
      "firstSeen": "2026-02-27T21:05:43.985Z"
    },
    "Hippie Sabotage-2026-03-30T20:00:00-The Van Buren": {
      "firstSeen": "2026-02-27T21:05:43.985Z"
    },
    "Bob Moses-2026-03-31T19:30:00-Arizona Financial Theatre": {
      "firstSeen": "2026-02-27T21:05:44.545Z"
    },
    "Bob Moses-2026-04-02T20:00:00-The Bomb Factory - Dallas": {
      "firstSeen": "2026-02-27T21:05:44.545Z"
    },
    "Bob Moses-2026-04-03T19:00:00-Moody Amphitheater": {
      "firstSeen": "2026-02-27T21:05:44.545Z"
    },
    "Bob Moses-2026-04-04T19:45:00-713 Music Hall": {
      "firstSeen": "2026-02-27T21:05:44.545Z"
    },
    "Bob Moses-2026-04-06T20:00:00-Coca-Cola Roxy Theatre": {
      "firstSeen": "2026-02-27T21:05:44.545Z"
    },
    "Bob Moses-2026-04-07T19:30:00-The Pinnacle - Nashville": {
      "firstSeen": "2026-02-27T21:05:44.545Z"
    },
    "Bob Moses-2026-04-08T20:00:00-The Fillmore - Charlotte": {
      "firstSeen": "2026-02-27T21:05:44.545Z"
    },
    "Bob Moses-2026-04-10T19:30:00-The Fillmore Philadelphia": {
      "firstSeen": "2026-02-27T21:05:44.545Z"
    },
    "Bob Moses-2026-04-11T19:30:00-Stage AE": {
      "firstSeen": "2026-02-27T21:05:44.545Z"
    },
    "Bob Moses-2026-04-13T20:00:00-Roadrunner - Boston": {
      "firstSeen": "2026-02-27T21:05:44.545Z"
    },
    "Treaty Oak Revival-2026-03-12T19:00:00-Great Southern Bank Arena": {
      "firstSeen": "2026-02-27T21:05:45.112Z"
    },
    "Treaty Oak Revival-2026-03-13T19:00:00-Simmons Bank Arena": {
      "firstSeen": "2026-02-27T21:05:45.112Z"
    },
    "Treaty Oak Revival-2026-04-10T03:30:00-The Boot": {
      "firstSeen": "2026-02-27T21:05:45.113Z"
    },
    "Treaty Oak Revival-2026-04-26T19:00:00-Golden 1 Center": {
      "firstSeen": "2026-02-27T21:05:45.113Z"
    },
    "Treaty Oak Revival-2026-04-30T19:00:00-WaMu Theater": {
      "firstSeen": "2026-02-27T21:05:45.113Z"
    },
    "brave-Treaty Oak Revival-https://www.denverpost.com/2025/11/04/red-rocks-concerts-2026/": {
      "firstSeen": "2026-02-27T21:05:46.122Z"
    },
    "Mt. Joy-2026-04-09T20:00:00-Hard Rock Live - Hollywood": {
      "firstSeen": "2026-02-27T21:05:46.685Z"
    },
    "Mt. Joy-2026-04-11T19:30:00-St. Augustine Amphitheatre": {
      "firstSeen": "2026-02-27T21:05:46.685Z"
    },
    "Mt. Joy-2026-04-14T20:00:00-Coca-Cola Amphitheater": {
      "firstSeen": "2026-02-27T21:05:46.685Z"
    },
    "Mt. Joy-2026-04-16T20:00:00-Live Oak Bank Pavilion": {
      "firstSeen": "2026-02-27T21:05:46.685Z"
    },
    "Mt. Joy-2026-04-18T20:00:00-Synovus Bank Amphitheatre at Chastain Park": {
      "firstSeen": "2026-02-27T21:05:46.685Z"
    },
    "Mt. Joy-2026-04-21T19:00:00-Starlight Theatre": {
      "firstSeen": "2026-02-27T21:05:46.685Z"
    },
    "Mt. Joy-2026-04-23T20:00:00-Champions Square": {
      "firstSeen": "2026-02-27T21:05:46.685Z"
    },
    "Mt. Joy-2026-04-24T20:00:00-Longhorn Backyard Amphitheater": {
      "firstSeen": "2026-02-27T21:05:46.685Z"
    },
    "Mt. Joy-2026-04-25T20:00:00-Moody Center ATX": {
      "firstSeen": "2026-02-27T21:05:46.685Z"
    },
    "brave-Mt. Joy-https://www.97xonline.com/news/twenty-one-pilots-headlining-osheaga-2026/AM4NJFGXGU75PELJFMTJ6IYOR4/": {
      "firstSeen": "2026-02-27T21:05:47.674Z"
    },
    "brave-Mt. Joy-https://www.oxfordmediagroup.net/alternative/twenty-one-pilots-headlining-osheaga-2026": {
      "firstSeen": "2026-02-27T21:05:47.674Z"
    },
    "brave-Mt. Joy-https://www.regionalmedianews.com/music/alternative/twenty-one-pilots-headlining-osheaga-2026/": {
      "firstSeen": "2026-02-27T21:05:47.674Z"
    },
    "brave-Mt. Joy-https://www.kissrocks.com/news/twenty-one-pilots-headlining-osheaga-2026/AM4NJFGXGU75PELJFMTJ6IYOR4/": {
      "firstSeen": "2026-02-27T21:05:47.674Z"
    },
    "Ethel Cain-2026-04-14T19:00:00-The Rady Shell at Jacobs Park": {
      "firstSeen": "2026-02-27T21:05:48.191Z"
    },
    "Ethel Cain-2026-04-15T20:00:00-The Theater at Virgin Hotels": {
      "firstSeen": "2026-02-27T21:05:48.191Z"
    },
    "Ethel Cain-2026-04-19T19:00:00-The Great Saltair": {
      "firstSeen": "2026-02-27T21:05:48.191Z"
    },
    "Ethel Cain-2026-04-21T19:00:00-Red Rocks Amphitheatre": {
      "firstSeen": "2026-02-27T21:05:48.191Z"
    },
    "Ethel Cain-2026-04-23T19:00:00-The Astro Theater - La Vista": {
      "firstSeen": "2026-02-27T21:05:48.191Z"
    },
    "Ethel Cain-2026-04-24T20:00:00-Miller High Life Theatre": {
      "firstSeen": "2026-02-27T21:05:48.191Z"
    },
    "Ethel Cain-2026-04-25T20:00:00-MegaCorp Pavilion": {
      "firstSeen": "2026-02-27T21:05:48.191Z"
    },
    "Ethel Cain-2026-04-28T20:00:00-The Factory STL": {
      "firstSeen": "2026-02-27T21:05:48.191Z"
    },
    "Ethel Cain-2026-04-29T20:00:00-Iroquois Amphitheater": {
      "firstSeen": "2026-02-27T21:05:48.191Z"
    },
    "Ethel Cain-2026-05-01T19:00:00-FirstBank Amphitheater": {
      "firstSeen": "2026-02-27T21:05:48.191Z"
    },
    "Electric Callboy-2026-04-17T19:00:00-South Side Ballroom in Gilley's": {
      "firstSeen": "2026-02-27T21:05:48.778Z"
    },
    "Electric Callboy-2026-04-19T19:00:00-Arizona Financial Theatre": {
      "firstSeen": "2026-02-27T21:05:48.778Z"
    },
    "Electric Callboy-2026-04-22T19:00:00-The Masonic San Francisco": {
      "firstSeen": "2026-02-27T21:05:48.778Z"
    },
    "Electric Callboy-2026-04-24T19:00:00-Paramount Theatre - WA": {
      "firstSeen": "2026-02-27T21:05:48.778Z"
    },
    "Electric Callboy-2026-04-25T19:00:00-PNE Forum - Vancouver": {
      "firstSeen": "2026-02-27T21:05:48.778Z"
    },
    "Electric Callboy-2026-04-27T19:00:00-MGM Music Hall at Fenway": {
      "firstSeen": "2026-02-27T21:05:48.778Z"
    },
    "Electric Callboy-2026-04-28T19:00:00-The Union Event Center - Salt Lake City": {
      "firstSeen": "2026-02-27T21:05:48.778Z"
    },
    "Electric Callboy-2026-04-30T19:00:00-Red Rocks Amphitheatre": {
      "firstSeen": "2026-02-27T21:05:48.778Z"
    },
    "Electric Callboy-2026-05-02T19:00:00-The Armory - Minneapolis": {
      "firstSeen": "2026-02-27T21:05:48.778Z"
    },
    "Goose-2026-02-27T19:30:00-The Deluxe at Old National Centre": {
      "firstSeen": "2026-02-27T21:05:49.327Z"
    },
    "Goose-2026-04-05T19:30:00-Black Sheep": {
      "firstSeen": "2026-02-27T21:05:49.327Z"
    },
    "Goose-2026-04-10T19:00:00-Harrah's Cherokee Center - Asheville": {
      "firstSeen": "2026-02-27T21:05:49.327Z"
    },
    "Goose-2026-04-11T18:00:00-Coca-Cola Amphitheater": {
      "firstSeen": "2026-02-27T21:05:49.328Z"
    },
    "Goose-2026-04-11T20:00:00-Majestic Theatre - WI": {
      "firstSeen": "2026-02-27T21:05:49.328Z"
    },
    "Goose-2026-04-14T19:30:00-FTL War Memorial Auditorium": {
      "firstSeen": "2026-02-27T21:05:49.328Z"
    },
    "Goose-2026-04-15T19:30:00-FTL War Memorial Auditorium": {
      "firstSeen": "2026-02-27T21:05:49.328Z"
    },
    "Goose-2026-04-15T20:00:00-Le Studio TD": {
      "firstSeen": "2026-02-27T21:05:49.328Z"
    },
    "Goose-2026-04-17T19:00:00-The Baycare Sound at Coachman Park": {
      "firstSeen": "2026-02-27T21:05:49.328Z"
    },
    "Jon Bellion-2026-06-11T19:00:00-Red Rocks Amphitheatre": {
      "firstSeen": "2026-02-27T21:05:50.845Z"
    },
    "Lord Huron-2026-06-02T19:00:00-Santa Barbara Bowl": {
      "firstSeen": "2026-02-27T21:05:52.868Z"
    },
    "Lord Huron-2026-06-04T17:30:00-Hayden Homes Amphitheater": {
      "firstSeen": "2026-02-27T21:05:52.868Z"
    },
    "Lord Huron-2026-06-04T19:00:00-Hayden Homes Amphitheater": {
      "firstSeen": "2026-02-27T21:05:52.868Z"
    },
    "Lord Huron-2026-06-06T20:30:00-KettleHouse Amphitheater": {
      "firstSeen": "2026-02-27T21:05:52.868Z"
    },
    "Lord Huron-2026-06-07T20:30:00-KettleHouse Amphitheater": {
      "firstSeen": "2026-02-27T21:05:52.868Z"
    },
    "Lord Huron-2026-06-09T20:00:00-The Lincoln": {
      "firstSeen": "2026-02-27T21:05:52.868Z"
    },
    "Lord Huron-2026-06-10T18:00:00-Red Rocks Amphitheatre": {
      "firstSeen": "2026-02-27T21:05:52.868Z"
    },
    "Lord Huron-2026-06-14T20:00:00-Harrah's Cherokee Center - Asheville": {
      "firstSeen": "2026-02-27T21:05:52.868Z"
    },
    "brave-Lord Huron-https://stories.hersheypa.com/mumford--sons-to-play-hersheypark-stadium-in-june/": {
      "firstSeen": "2026-02-27T21:05:53.869Z"
    },
    "brave-Lord Huron-https://www.brooklynvegan.com/mumford-sons-announce-summer-tour-with-lord-huron-sierra-ferrell-more/": {
      "firstSeen": "2026-02-27T21:05:53.870Z"
    },
    "brave-Lord Huron-https://liveforlivemusic.com/news/mumford-sons-2026-north-american-tour-dates-prizefighter-tickets-video/": {
      "firstSeen": "2026-02-27T21:05:53.870Z"
    },
    "Amyl and The Sniffers-2026-06-05T20:00:00-Place Bell": {
      "firstSeen": "2026-02-27T21:05:54.440Z"
    },
    "Amyl and The Sniffers-2026-06-08T20:00:00-Skyline Stage at the Mann": {
      "firstSeen": "2026-02-27T21:05:54.440Z"
    },
    "Amyl and The Sniffers-2026-06-09T20:00:00-MGM Music Hall at Fenway": {
      "firstSeen": "2026-02-27T21:05:54.440Z"
    },
    "Amyl and The Sniffers-2026-06-10T20:00:00-The Anthem - DC": {
      "firstSeen": "2026-02-27T21:05:54.440Z"
    },
    "Amyl and The Sniffers-2026-06-12T20:00:00-The Factory STL": {
      "firstSeen": "2026-02-27T21:05:54.440Z"
    },
    "Amyl and The Sniffers-2026-06-14T19:00:00-The Salt Shed - Outdoors": {
      "firstSeen": "2026-02-27T21:05:54.440Z"
    },
    "Amyl and The Sniffers-2026-06-16T20:00:00-The Astro Theater - La Vista": {
      "firstSeen": "2026-02-27T21:05:54.440Z"
    },
    "Amyl and The Sniffers-2026-06-17T20:00:00-Red Rocks Amphitheatre": {
      "firstSeen": "2026-02-27T21:05:54.440Z"
    },
    "Amyl and The Sniffers-2026-06-20T19:00:00-Surly Brewing Festival Field": {
      "firstSeen": "2026-02-27T21:05:54.440Z"
    },
    "Alex Warren-2026-05-25T19:30:00-Bridgestone Arena": {
      "firstSeen": "2026-02-27T21:05:55.003Z"
    },
    "Alex Warren-2026-05-29T19:30:00-Dickies Arena": {
      "firstSeen": "2026-02-27T21:05:55.003Z"
    },
    "Alex Warren-2026-05-30T19:30:00-Moody Center ATX": {
      "firstSeen": "2026-02-27T21:05:55.003Z"
    },
    "Alex Warren-2026-06-02T19:30:00-Red Rocks Amphitheatre": {
      "firstSeen": "2026-02-27T21:05:55.003Z"
    },
    "Alex Warren-2026-06-08T19:30:00-Viejas Arena at Aztec Bowl": {
      "firstSeen": "2026-02-27T21:05:55.003Z"
    },
    "brave-Alex Warren-https://www.kxnet.com/news/top-stories/ndsf-grandstand-showpass-on-sale-march-2-130-for-six-nights-of-entertainment/": {
      "firstSeen": "2026-02-27T21:05:55.969Z"
    },
    "brave-Alex Warren-https://www.hellorayo.co.uk/kiss/entertainment/music/alex-warren": {
      "firstSeen": "2026-02-27T21:05:55.970Z"
    },
    "brave-Alex Warren-https://wtmx.com/music-notes-jonas-brothers-alex-warren-and-more/": {
      "firstSeen": "2026-02-27T21:05:55.970Z"
    },
    "brave-Alex Warren-https://www.movin925.com/music-notes-jonas-brothers-alex-warren-and-more": {
      "firstSeen": "2026-02-27T21:05:55.970Z"
    },
    "brave-Alex Warren-https://warm1069.com/music-notes-jonas-brothers-alex-warren-and-more/": {
      "firstSeen": "2026-02-27T21:05:55.970Z"
    },
    "Hilary Duff-2026-05-22T21:00:00-Voltaire at the Venetian Las Vegas": {
      "firstSeen": "2026-02-27T21:05:56.499Z"
    },
    "Hilary Duff-2026-05-23T21:00:00-Voltaire at the Venetian Las Vegas": {
      "firstSeen": "2026-02-27T21:05:56.499Z"
    },
    "Hilary Duff-2026-05-24T21:00:00-Voltaire at the Venetian Las Vegas": {
      "firstSeen": "2026-02-27T21:05:56.499Z"
    },
    "Hilary Duff-2026-06-23T19:00:00-MidFlorida Credit Union Amphitheatre": {
      "firstSeen": "2026-02-27T21:05:56.499Z"
    },
    "Hilary Duff-2026-06-25T19:00:00-Ameris Bank Amphitheatre": {
      "firstSeen": "2026-02-27T21:05:56.499Z"
    },
    "Hilary Duff-2026-06-30T19:00:00-The Pavilion at Toyota Music Factory": {
      "firstSeen": "2026-02-27T21:05:56.499Z"
    },
    "brave-Hilary Duff-https://www.sheknows.com/living/articles/1234970632/hilary-duff-lucky-me-tour-cheap-tickets/": {
      "firstSeen": "2026-02-27T21:05:57.603Z"
    },
    "brave-Hilary Duff-https://screenrant.com/hilary-duff-lucky-me-tour-2026-presale-codes/": {
      "firstSeen": "2026-02-27T21:05:57.603Z"
    },
    "brave-Hilary Duff-https://www.glamourmagazine.co.uk/article/hilary-duff-lucky-me-tour-2026-dates-buy-tickets": {
      "firstSeen": "2026-02-27T21:05:57.603Z"
    },
    "brave-Hilary Duff-https://toursetlist.com/hilary-duff-adds-new-tour-dates-for-2026/": {
      "firstSeen": "2026-02-27T21:05:57.603Z"
    },
    "brave-Hilary Duff-https://www.rollingstone.com/product-recommendations/tickets/how-to-buy-hilary-duff-the-lucky-me-tour-tickets-deals-discounts-1235519955/": {
      "firstSeen": "2026-02-27T21:05:57.603Z"
    },
    "brave-La Roux-https://www.abqjournal.com/lifestyles/hilary-duff-adds-albuquerque-stop-to-global-tour/2990564": {
      "firstSeen": "2026-02-28T03:00:08.160Z"
    },
    "Fisher-2026-03-21T21:45:00-Tacoma Comedy Club - 6th and Proctor": {
      "firstSeen": "2026-02-28T03:00:15.376Z"
    },
    "Goose-2026-04-18T03:30:00-St. Augustine Amphitheatre": {
      "firstSeen": "2026-02-28T03:00:36.337Z"
    },
    "brave-Alex Warren-https://1067wjjy.com/music-notes-jonas-brothers-alex-warren-and-more/": {
      "firstSeen": "2026-02-28T03:00:42.574Z"
    },
    "brave-Hilary Duff-https://www.abqjournal.com/lifestyles/hilary-duff-adds-albuquerque-stop-to-global-tour/2990564": {
      "firstSeen": "2026-02-28T03:00:44.209Z"
    },
    "brave-Hilary Duff-https://www.cilfm.com/2026/02/24/hilary-duff-with-special-guests-la-roux-jade-lemac": {
      "firstSeen": "2026-02-28T03:00:44.210Z"
    }
  }
}